epoch,avg_reward,option 0 dur,option 1 dur,option 0 std,option 1 std,option 0 term,option 1 term,option 0 adv,option 1 adv
1,-62.52381759751242,1104,944,1.0,1.0,0.4372853934764862,0.5615575909614563,-0.8105883598327637,0.13500793278217316
2,-61.24463083182158,1064,984,0.9955453872680664,0.9956949949264526,0.5165032744407654,0.46762555837631226,-0.5442840456962585,0.11444795876741409
3,-59.47776237552019,1041,1007,0.9894211888313293,0.987411618232727,0.5100045800209045,0.4394935071468353,-0.43253692984580994,0.09868168085813522
4,-60.285442959707765,836,1212,0.9806355834007263,0.9799103140830994,0.6051794290542603,0.3608199954032898,-0.45033225417137146,0.1083662286400795
5,-62.45306168585678,413,1635,0.9765920042991638,0.9762174487113953,0.6445434093475342,0.14100223779678345,-0.2726205289363861,0.0661713033914566
6,-63.29567625760285,403,1645,0.974096417427063,0.9690466523170471,0.6718286275863647,0.10887835174798965,-0.1721971184015274,0.1142454668879509
7,-63.19146427270839,194,1854,0.9671267867088318,0.9592865705490112,0.6276252865791321,0.036452632397413254,-0.038168635219335556,0.07882339507341385
8,-62.60582006861382,138,1910,0.9663455486297607,0.958612859249115,0.7108785510063171,0.03226563706994057,0.0,0.15727856755256653
9,-62.61097451771913,94,1954,0.9663455486297607,0.9455319046974182,0.6182799935340881,0.016174929216504097,-0.006294139660894871,0.0376807302236557
10,-62.2260307834599,26,2022,0.9532802700996399,0.9436564445495605,0.6564973592758179,0.006675525102764368,0.0,0.00028978887712582946
11,-61.63694585605629,12,2036,0.9532802700996399,0.933941125869751,0.6667653918266296,0.007277896162122488,0.0,0.17731936275959015
12,-61.200117275898855,26,2022,0.9532802700996399,0.9212767481803894,0.6567917466163635,0.003133979858830571,0.0,0.24260304868221283
13,-60.72404140500846,11,2037,0.9532802700996399,0.9085656404495239,0.5249298810958862,0.0024756849743425846,0.0,0.43283993005752563
14,-59.72641366305398,4,2044,0.9532802700996399,0.8964390158653259,0.5300345420837402,0.001061928109265864,0.0,0.5540375113487244
15,-58.90702590895716,9,2039,0.9532802700996399,0.8868359327316284,0.7090029120445251,0.000768883153796196,0.0,0.6556132435798645
16,-58.11761212026673,2,2046,0.9532802700996399,0.8802687525749207,0.6815319061279297,0.0003455917176324874,0.0,0.7543032765388489
17,-57.32053664211856,3,2045,0.9532802700996399,0.8702825903892517,0.6630028486251831,0.00016408719238825142,0.0,0.8296835422515869
18,-56.69033249720687,4,2044,0.9532802700996399,0.8568974733352661,0.6974687576293945,0.00012735337077174336,0.0,0.9111249446868896
19,-56.229217156967934,5,2043,0.9532802700996399,0.848435640335083,0.639813244342804,6.766773731214926e-05,0.0,0.9882405400276184
20,-55.51092811104081,14,2034,0.9532802700996399,0.8348994255065918,0.6982498168945312,3.3993663237197325e-05,0.0,1.0003877878189087
21,-54.80352413424993,14,2034,0.9532802700996399,0.8225816488265991,0.744479775428772,2.1449101041071117e-05,0.0,1.0895246267318726
22,-54.240017245990614,0,2048,1.0,0.809408962726593,0.6752362847328186,1.706274451862555e-05,0.0,1.1867129802703857
23,-53.65114655537822,6,2042,0.9532802700996399,0.8032918572425842,0.7077125310897827,8.653771146782674e-06,0.0,1.2268270254135132
24,-53.03430610411084,7,2041,0.9532802700996399,0.7985989451408386,0.8109808564186096,5.330935437086737e-06,0.0,1.3777446746826172
25,-52.48889695334216,4,2044,0.9532802700996399,0.7832134962081909,0.7506444454193115,2.8092333650420187e-06,0.0,1.4226959943771362
26,-51.844523759605394,1,2047,0.9532802700996399,0.7741364240646362,0.7785674929618835,1.9354054074938176e-06,0.0,1.49411940574646
27,-51.2225222563437,11,2037,0.9532802700996399,0.7611367702484131,0.7739297747612,1.259699388356239e-06,0.0,1.5859191417694092
28,-50.56896087617606,2,2046,0.9532802700996399,0.7551748156547546,0.7716494798660278,8.687252943673229e-07,-0.7027998566627502,1.307768702507019
29,-50.1175940488527,8,2040,0.9383437633514404,0.747230052947998,0.7847657799720764,2.53572829933546e-06,0.0,1.348915934562683
30,-49.445333324744766,4,2044,0.9383437633514404,0.7403256297111511,0.7739149928092957,1.6719252471375512e-06,0.0,1.454213261604309
31,-48.737344372678,5,2043,0.9383437633514404,0.7350967526435852,0.7936080694198608,1.8138314317184268e-06,0.0,1.6453357934951782
32,-48.02384744545337,13,2035,0.9383437633514404,0.7272583246231079,0.8355464935302734,8.593106031185016e-07,0.0,1.93716561794281
33,-47.27985842166405,0,2048,1.0,0.717990517616272,0.807689368724823,9.702171155367978e-07,0.0,1.9923837184906006
34,-46.55380136742499,3,2045,0.9383437633514404,0.7076610922813416,0.7942022085189819,1.0405715329397935e-06,0.0,1.994934320449829
35,-45.89368832989026,1,2047,0.9383437633514404,0.7048674821853638,0.7890912890434265,6.626044068980264e-07,0.0,2.0970401763916016
36,-45.067315369451606,3,2045,0.9383437633514404,0.6961929202079773,0.8392944931983948,4.969184033143392e-07,0.0,2.231171131134033
37,-44.271635053492105,3,2045,0.9383437633514404,0.6874406337738037,0.8212822079658508,6.83824453062698e-07,0.0,2.2708213329315186
38,-43.426741794402915,3,2045,0.9383437633514404,0.6785801649093628,0.8295876979827881,1.0937569641100708e-06,0.0,2.373129367828369
39,-42.67117858286339,10,2038,0.9383437633514404,0.665617823600769,0.8327538371086121,3.463960069893801e-07,0.0,2.5532424449920654
40,-41.93770453884742,8,2040,0.9383437633514404,0.6568673253059387,0.7985811829566956,4.283454586584412e-07,0.0,2.6728224754333496
41,-41.14653824784432,6,2042,0.9383437633514404,0.65190589427948,0.7963510155677795,2.4077050397863786e-07,0.0,2.875971555709839
42,-40.064375163632256,2,2046,0.9383437633514404,0.6438894271850586,0.7659695148468018,2.794025135699485e-07,0.0,2.824108362197876
43,-39.384536275041576,0,2048,1.0,0.6395292282104492,0.7936065196990967,3.081515842495719e-07,0.0,2.897174835205078
44,-38.62271589964221,0,2048,1.0,0.6294611096382141,0.8101043701171875,2.079233070162445e-07,0.0,2.9722869396209717
45,-37.805835764004094,0,2048,1.0,0.6214621663093567,0.7932058572769165,4.433955780314136e-07,0.0,3.0167298316955566
46,-36.9016737874132,2,2046,0.9383437633514404,0.6097201108932495,0.7968838214874268,1.9118002114737465e-07,0.0,3.2460851669311523
47,-35.995698149490515,0,2048,1.0,0.6014580726623535,0.7942463159561157,2.7602925456449157e-07,0.0,3.414231777191162
48,-35.11977957723963,10,2038,0.9383437633514404,0.5893775820732117,0.7904985547065735,2.6711572331805655e-07,0.0,3.6492013931274414
49,-34.276677401115165,0,2048,1.0,0.58302903175354,0.7582767009735107,1.236262789916509e-07,0.0,3.908303737640381
50,-32.650297820117224,4,2044,0.9383437633514404,0.5755453109741211,0.7546674609184265,2.0069518313903245e-07,0.0,4.121090412139893
51,-31.12410033269525,16,2032,0.9383437633514404,0.5660130977630615,0.7467595934867859,1.6736798613692372e-07,0.0,4.504523277282715
52,-29.657282520854864,0,2048,1.0,0.560520589351654,0.772528350353241,2.036608890421121e-07,0.0,4.8196120262146
53,-28.03922705992977,3,2045,0.9383437633514404,0.5523254871368408,0.7687099575996399,1.4120048774657334e-07,0.0,4.874460220336914
54,-26.115236348564373,2,2046,0.9383437633514404,0.5452088713645935,0.757962703704834,9.879167350845819e-08,0.0,4.958041191101074
55,-24.248999576661,5,2043,0.9383437633514404,0.5381988883018494,0.7796082496643066,8.10878120205416e-08,0.0,5.223331928253174
56,-22.431750717291678,1,2047,0.9383437633514404,0.5296899676322937,0.803557276725769,5.012343251564744e-08,0.0,5.528012752532959
57,-20.758261553629364,0,2048,1.0,0.5224672555923462,0.7625365853309631,1.7695748510959675e-07,0.0,5.2671122550964355
58,-18.90714081537262,2,2046,0.9383437633514404,0.518744945526123,0.7722014784812927,4.217178783960662e-08,0.0,5.360298156738281
59,-17.215038546006134,4,2044,0.9383437633514404,0.5122181177139282,0.7639480829238892,1.9572971154957486e-07,0.0,5.545795917510986
60,-15.338615104303843,4,2044,0.9383437633514404,0.5066627860069275,0.7647451162338257,4.861496805119714e-08,0.0,5.84130334854126
61,-13.523087550682144,0,2048,1.0,0.5004833936691284,0.7525887489318848,3.148204896774587e-08,0.0,6.007978916168213
62,-11.569204742071607,1,2047,0.9383437633514404,0.49382174015045166,0.758018434047699,4.79483723836438e-08,0.0,6.132231712341309
63,-8.90799325284632,1,2047,0.9383437633514404,0.49006250500679016,0.7631279826164246,7.600455376177706e-08,0.0,6.197759628295898
64,-7.08010062651169,4,2044,0.9383437633514404,0.48601236939430237,0.7722344994544983,6.934805441005665e-08,0.0,6.503307342529297
65,-5.23608537211779,6,2042,0.9383437633514404,0.4814813435077667,0.7851856350898743,7.4741812738921e-08,0.0,7.172321319580078
66,-3.457853535407347,4,2044,0.9383437633514404,0.48059025406837463,0.759376049041748,3.7472624114798236e-08,0.0,7.432507038116455
67,-1.6487539931355104,2,2046,0.9383437633514404,0.4763129651546478,0.7661775946617126,2.9441856952416856e-08,0.0,7.519321918487549
68,0.21033297273806972,3,2045,0.9383437633514404,0.47052696347236633,0.7696223855018616,2.2122886633724193e-08,0.0,7.4954328536987305
69,2.2606862964918384,19,2029,0.9383437633514404,0.46164605021476746,0.7872167229652405,9.276067203245475e-08,-0.9762744903564453,6.836455821990967
70,4.186528131266779,9,2039,0.9209192395210266,0.45974230766296387,0.7731440663337708,7.233646556414897e-06,0.0,7.1887407302856445
71,6.075213314060181,12,2036,0.9209192395210266,0.4596561789512634,0.7661287784576416,2.635719738464104e-06,0.0,7.499850273132324
72,7.960283667922564,5,2043,0.9209192395210266,0.4593556821346283,0.7758718132972717,3.314070227133925e-06,0.0,7.4437174797058105
73,9.76756066178592,25,2023,0.9209192395210266,0.4535161554813385,0.781095564365387,8.681180929670518e-07,0.0,7.819733619689941
74,11.542726887406802,13,2035,0.9209192395210266,0.45469051599502563,0.7609112858772278,1.3071395414954168e-06,0.0,8.437501907348633
75,13.334265311596761,17,2031,0.9209192395210266,0.4526855945587158,0.7799245715141296,4.416095293890976e-07,0.0,8.956398963928223
76,15.269334852181137,11,2037,0.9209192395210266,0.44644689559936523,0.7554731369018555,1.0052230692281228e-07,0.0,9.664068222045898
77,17.06450343561048,3,2045,0.9209192395210266,0.44555947184562683,0.7872989773750305,2.5957194793591043e-07,0.0,9.89555835723877
78,19.0888019303751,6,2042,0.9209192395210266,0.44166868925094604,0.8066579699516296,7.342357832840207e-08,0.0,10.123266220092773
79,20.98426949359518,3,2045,0.9209192395210266,0.43911221623420715,0.7989478707313538,1.5316032886403264e-07,0.0,9.96683120727539
80,22.77023098674345,3,2045,0.9209192395210266,0.43695810437202454,0.7972108125686646,8.017175190389025e-08,0.0,9.665223121643066
81,24.59563122565035,9,2039,0.9209192395210266,0.4347764253616333,0.7928528785705566,1.8706371562871027e-08,0.0,9.809556007385254
82,26.449108642477032,2,2046,0.9209192395210266,0.43227025866508484,0.789126992225647,8.771118942263456e-09,0.0,9.759507179260254
83,28.312822232889175,2,2046,0.9209192395210266,0.4301172196865082,0.7974714040756226,4.290346300450665e-09,0.0,9.799894332885742
84,30.889090299099976,6,2042,0.9209192395210266,0.4305482506752014,0.7865517735481262,1.4066910303256464e-08,0.0,9.6011962890625
85,32.49533262866897,15,2033,0.9209192395210266,0.4274996519088745,0.7736092805862427,3.1591110172257686e-08,0.0,10.079323768615723
86,34.05256900283817,28,2020,0.9209192395210266,0.4266234338283539,0.7695848345756531,1.783241820874082e-08,-0.5070888996124268,9.690217018127441
87,35.64272897842924,27,2021,0.9037419557571411,0.4235074520111084,0.732750415802002,1.2175998563179746e-05,0.0,10.038532257080078
88,37.20837846998632,32,2016,0.9037419557571411,0.4205482304096222,0.7213401198387146,2.090892849082593e-06,0.0,9.864978790283203
89,38.80255814969091,20,2028,0.9037419557571411,0.4177522659301758,0.731469452381134,4.768889425577072e-07,0.0,9.653199195861816
90,40.42604129878541,9,2039,0.9037419557571411,0.41491007804870605,0.7280271649360657,2.3361252488030004e-07,0.0,9.921664237976074
91,42.0609063526441,10,2038,0.9037419557571411,0.41047197580337524,0.7477030754089355,3.641499901618772e-08,0.0,9.763998985290527
92,43.77437863647226,1,2047,0.9037419557571411,0.4082447290420532,0.7451572418212891,1.2125332737866756e-08,0.0,9.932894706726074
93,45.37628789215515,11,2037,0.9037419557571411,0.402681827545166,0.7515174150466919,1.9104156478988443e-08,0.0,9.913185119628906
94,46.94808575389325,27,2021,0.9037419557571411,0.40027689933776855,0.7498174905776978,3.4854085129154555e-07,0.0,9.863531112670898
95,48.3839383601072,15,2033,0.9037419557571411,0.3971899151802063,0.7678930759429932,1.0466254707353073e-07,0.0,10.037528991699219
96,49.754006098136685,24,2024,0.9037419557571411,0.39517202973365784,0.7749073505401611,1.3352081396078574e-06,-0.09370752424001694,9.59744930267334
97,51.20038462886188,12,2036,0.8987379670143127,0.39098629355430603,0.7922047972679138,4.570461697994688e-08,0.0,9.631307601928711
98,52.64985644295705,38,2010,0.8987379670143127,0.38953906297683716,0.8138365745544434,6.792492968088482e-07,0.0,9.926373481750488
99,53.9053834490849,13,2035,0.8987379670143127,0.3863879144191742,0.8097110390663147,8.037027043883427e-08,0.0,10.468657493591309
100,55.13629382420932,31,2017,0.8987379670143127,0.38274046778678894,0.8013255596160889,1.6632347410450166e-07,0.0,10.596614837646484
101,56.35329450185252,63,1985,0.8987379670143127,0.3834731876850128,0.7880846858024597,1.3451496272409713e-07,0.0,10.812982559204102
102,57.688770958063024,11,2037,0.8987379670143127,0.3802022635936737,0.802141547203064,7.631420828602131e-09,-0.24107182025909424,11.133319854736328
103,58.796901567128174,12,2036,0.8785083293914795,0.3787192106246948,0.8210111856460571,2.0799741378141334e-06,0.0,10.670310974121094
104,59.872062078055706,34,2014,0.8785083293914795,0.37528836727142334,0.8005364537239075,5.871807388757588e-06,0.0,9.854424476623535
105,59.86843418643087,73,1975,0.8785083293914795,0.3762415051460266,0.8781651854515076,2.5922799977706745e-05,0.0,4.02443790435791
106,61.04835650425232,27,2021,0.8785083293914795,0.37414878606796265,0.8072342872619629,0.0005044482531957328,0.0,8.450852394104004
107,62.19855352419868,27,2021,0.8785083293914795,0.3710302412509918,0.8172013163566589,0.00035952305188402534,-0.1786537915468216,8.413395881652832
108,63.11827243200225,49,1999,0.8857388496398926,0.36776429414749146,0.7749408483505249,0.0003715492784976959,0.0,8.707906723022461
109,64.09285865558103,13,2035,0.8857388496398926,0.36522871255874634,0.7711556553840637,7.851746886444744e-06,0.0,8.909846305847168
110,64.8932752930841,27,2021,0.8857388496398926,0.3628915846347809,0.7631011605262756,5.9409944697108585e-06,0.0,9.11301040649414
111,65.82983746078001,7,2041,0.8857388496398926,0.3624362647533417,0.7725951671600342,1.1766475154217915e-06,0.0,9.272363662719727
112,66.76534817173729,9,2039,0.8857388496398926,0.3609398305416107,0.8032252192497253,1.754419599819812e-06,0.0,9.618844985961914
113,67.71478907723869,10,2038,0.8857388496398926,0.36125707626342773,0.8098574280738831,2.8694351783542515e-08,0.0,9.461216926574707
114,68.43725735528345,18,2030,0.8857388496398926,0.3576280474662781,0.7992768883705139,1.2275546623641276e-06,0.0,9.41683292388916
115,69.38786237058945,15,2033,0.8857388496398926,0.3560435473918915,0.7973612546920776,1.4188739214660018e-06,0.0,9.804710388183594
116,70.20410547254427,6,2042,0.8857388496398926,0.3561718463897705,0.8242712616920471,4.695393585052443e-08,0.0,10.06246566772461
117,71.02148325185763,16,2032,0.8857388496398926,0.35372301936149597,0.818905770778656,9.062019330485782e-07,-0.1695566177368164,9.620898246765137
118,71.78830959615769,34,2014,0.8755666613578796,0.3517543077468872,0.8298658132553101,2.3781400159350596e-05,0.0,9.545329093933105
119,72.47171115517068,63,1985,0.8755666613578796,0.3500595986843109,0.8234748840332031,3.0308598070405424e-05,0.0,9.411890029907227
120,73.05029348646656,21,2027,0.8755666613578796,0.34721675515174866,0.80840003490448,5.435787784335844e-07,0.0,8.918953895568848
121,73.81812722892366,8,2040,0.8755666613578796,0.34605783224105835,0.8049510717391968,4.042202874643408e-07,0.0,9.051478385925293
122,74.64010620067707,36,2012,0.8755666613578796,0.3424261808395386,0.7943184971809387,6.753050456609344e-07,-0.2593690752983093,9.096623420715332
123,75.46975878465692,11,2037,0.8707724809646606,0.3400898873806,0.8001692891120911,7.394131102955726e-07,0.0,9.138338088989258
124,76.33561848184003,11,2037,0.8707724809646606,0.33646976947784424,0.7957471013069153,1.207905686584354e-08,0.0,9.386402130126953
125,77.40600677927866,9,2039,0.8707724809646606,0.3357967436313629,0.7833488583564758,7.146644520616974e-08,0.0,9.612265586853027
126,78.13644726662471,11,2037,0.8707724809646606,0.33626264333724976,0.7817054390907288,2.142147437211861e-08,0.0,9.691817283630371
127,78.73488422580004,25,2023,0.8707724809646606,0.3356703817844391,0.7923246026039124,2.831708556527701e-08,0.0,9.811232566833496
128,79.36116471361507,10,2038,0.8707724809646606,0.33325549960136414,0.7834951877593994,2.327613879415935e-09,0.0,9.903290748596191
129,79.99007224161564,32,2016,0.8707724809646606,0.33321234583854675,0.7923511862754822,8.77442296598474e-09,0.0,10.080507278442383
130,80.43274320939254,6,2042,0.8707724809646606,0.32961153984069824,0.8117055892944336,2.532430487534043e-09,0.0,10.049056053161621
131,81.05757300286173,8,2040,0.8707724809646606,0.3282540440559387,0.7914729118347168,7.886090891418007e-09,0.0,10.244597434997559
132,81.6580628008092,21,2027,0.8707724809646606,0.325350284576416,0.7961660027503967,2.4788140429166106e-09,0.0,10.288688659667969
133,82.3353099097705,6,2042,0.8707724809646606,0.3247479498386383,0.8171218633651733,1.2255270576133626e-08,0.0,10.580795288085938
134,82.87150111530815,30,2018,0.8707724809646606,0.32303833961486816,0.8341472744941711,1.6540607106207972e-08,-0.16101020574569702,9.391730308532715
135,83.44570861768062,38,2010,0.8650543689727783,0.32057714462280273,0.8342700600624084,8.622136959957061e-08,0.0,9.177462577819824
136,84.06756384159642,52,1996,0.8650543689727783,0.31887492537498474,0.8283084034919739,1.460775820305571e-07,0.0,8.645045280456543
137,84.75907649248245,14,2034,0.8650543689727783,0.318012535572052,0.8438698649406433,4.4948198052452426e-08,0.0,8.632851600646973
138,85.49416807591835,16,2032,0.8650543689727783,0.31662288308143616,0.8550578951835632,7.344408459175611e-08,0.0,8.837326049804688
139,86.11836657673044,44,2004,0.8650543689727783,0.3154570460319519,0.8587585091590881,6.092429316595371e-08,-0.19874557852745056,9.61683177947998
140,86.62340190435928,24,2024,0.8652674555778503,0.312843382358551,0.8230414986610413,5.948094639052215e-08,0.0,9.864126205444336
141,87.15144276545533,76,1972,0.8652674555778503,0.3116737902164459,0.8328808546066284,1.2310097474710346e-07,0.0,9.329407691955566
142,87.57727113749971,18,2030,0.8652674555778503,0.3088022470474243,0.834351122379303,5.066203456749463e-08,0.0,8.86081314086914
143,88.13948284962522,16,2032,0.8652674555778503,0.30891191959381104,0.8256173133850098,4.208208892464427e-08,0.0,9.236490249633789
144,88.69648216357118,50,1998,0.8652674555778503,0.3101966977119446,0.8128701448440552,8.699348796881168e-08,-0.28531867265701294,9.396040916442871
145,89.20462653106014,23,2025,0.86365807056427,0.3083205223083496,0.8409304022789001,2.798714682228365e-08,0.0,9.120081901550293
146,89.94162011559234,17,2031,0.86365807056427,0.30763518810272217,0.8551278114318848,4.463781788643928e-09,0.0,9.345815658569336
147,90.35899864315954,37,2011,0.86365807056427,0.3076440691947937,0.8701183199882507,3.0654891247650085e-07,0.0,9.1310453414917
148,90.83067846224995,15,2033,0.86365807056427,0.30697354674339294,0.8685752749443054,3.606007157941349e-05,0.0,9.318842887878418
149,91.28380721422548,0,2048,1.0,0.3054671585559845,0.8738940358161926,1.2804093341145517e-09,0.0,9.36984920501709
150,91.7921435811273,21,2027,0.8636580109596252,0.3051142394542694,0.8695977330207825,7.1841270710137906e-09,0.0,9.674947738647461
151,92.0634223773928,43,2005,0.8636580109596252,0.3051481544971466,0.8562228083610535,1.0337215528011257e-08,0.0,9.850153923034668
152,92.69649903336399,11,2037,0.86365807056427,0.3033612072467804,0.8362100124359131,3.786510827108458e-10,-0.41723451018333435,9.624555587768555
153,93.19474302229732,5,2043,0.8530739545822144,0.30219489336013794,0.8646049499511719,1.2935872817365635e-08,0.0,9.812064170837402
154,95.26360565683223,9,2039,0.8530739545822144,0.3019087314605713,0.848426342010498,5.220839582875669e-08,0.0,9.318476676940918
155,95.515635453214,17,2031,0.8530739545822144,0.30081412196159363,0.8590076565742493,9.041772273121751e-07,0.0,9.43237590789795
156,95.88742045304797,13,2035,0.8530739545822144,0.2994990348815918,0.8469941020011902,2.7349750553185004e-07,0.0,9.676447868347168
157,96.27134759871055,9,2039,0.8530739545822144,0.2979852259159088,0.8408752679824829,2.274807364699427e-08,0.0,9.60013198852539
158,96.7348356994317,4,2044,0.8530739545822144,0.2979818284511566,0.8353627324104309,1.7632840965120522e-08,0.0,9.424101829528809
159,97.27240071237726,34,2014,0.8530739545822144,0.2969907224178314,0.8153246641159058,3.202960385806364e-08,0.0,8.943709373474121
160,97.57187608267999,11,2037,0.8530739545822144,0.2966439127922058,0.8064913749694824,2.7577540251400023e-09,0.0,9.030892372131348
161,97.94722257401392,5,2043,0.8530739545822144,0.2929326891899109,0.8373079895973206,4.602966896527505e-09,0.0,9.330552101135254
162,98.31458012057823,19,2029,0.8530739545822144,0.291726291179657,0.8213531374931335,3.920881042063229e-08,0.0,9.242378234863281
163,98.84088243826122,4,2044,0.8530739545822144,0.29026713967323303,0.7976635098457336,6.46991171748823e-09,0.0,9.448695182800293
164,99.18757368837409,7,2041,0.8530739545822144,0.2878771126270294,0.8336989879608154,4.335005243660817e-09,0.0,9.494712829589844
165,99.51432719223084,15,2033,0.8530739545822144,0.287659615278244,0.8083869218826294,2.3515097424819942e-08,0.0,9.376476287841797
166,99.80579121668332,12,2036,0.8530739545822144,0.28656449913978577,0.8131209015846252,2.9273095059068055e-09,-0.1752110719680786,9.461732864379883
167,100.43246159646864,7,2041,0.8541688323020935,0.2879739999771118,0.8515722155570984,1.6840340677504173e-08,0.0,9.493973731994629
168,100.86824962109762,11,2037,0.8541688323020935,0.28720924258232117,0.840446949005127,2.9797863732028418e-08,0.0,9.20583438873291
169,101.35777009521658,9,2039,0.8541688323020935,0.28701847791671753,0.8418954610824585,9.101937870070742e-09,0.0,9.411755561828613
170,101.57172725800365,13,2035,0.8541688323020935,0.2856157422065735,0.8422002196311951,7.075728891692279e-09,0.0,9.440930366516113
171,101.89895868612811,8,2040,0.8541688323020935,0.2852269411087036,0.8469056487083435,2.960337752710984e-09,0.0,9.638786315917969
172,102.24790648301925,24,2024,0.8541687726974487,0.2850513160228729,0.8521713614463806,4.834736611059043e-09,0.0,9.571351051330566
173,102.56704395453197,39,2009,0.8541688323020935,0.2851293385028839,0.8515028953552246,1.867090837492924e-08,0.0,9.124614715576172
174,102.70209628302098,16,2032,0.8541688323020935,0.28379175066947937,0.8385900855064392,1.099325164233278e-08,0.0,8.706659317016602
175,102.90539524646296,14,2034,0.8541688323020935,0.28192245960235596,0.8575671911239624,1.6046110218326248e-08,0.0,8.888864517211914
176,103.15716347285797,35,2013,0.8541687726974487,0.27974534034729004,0.83675217628479,2.612779503863294e-08,-0.25221532583236694,9.307605743408203
177,103.48977286199012,4,2044,0.8638760447502136,0.277270644903183,0.84493088722229,8.30780944038878e-10,0.0,9.048102378845215
178,103.77631045399583,5,2043,0.8638760447502136,0.2770659923553467,0.8397396802902222,1.4673539050491513e-09,0.0,8.928621292114258
179,104.0046251001315,6,2042,0.8638760447502136,0.2776154577732086,0.8531363010406494,1.1760335638655306e-07,0.0,9.170333862304688
180,104.2613699680024,1,2047,0.8638760447502136,0.27709171175956726,0.8925159573554993,9.826799374224038e-10,0.0,8.9893798828125
181,104.52104063742264,6,2042,0.8638760447502136,0.27761662006378174,0.9061107039451599,8.082271740761371e-09,0.0,9.3689603805542
182,104.86036390449428,4,2044,0.8638760447502136,0.27745404839515686,0.8849612474441528,1.1017949885783196e-09,0.0,9.540327072143555
183,105.21760364962351,10,2038,0.8638760447502136,0.27816107869148254,0.8935287594795227,1.488733025745148e-09,0.0,9.82411003112793
184,105.52690637764445,5,2043,0.8638760447502136,0.2776603102684021,0.9006096720695496,9.442958637251309e-10,0.0,9.84872055053711
185,105.93247567218785,4,2044,0.8638760447502136,0.27662622928619385,0.8872648477554321,2.2255751408462032e-10,0.0,9.774388313293457
186,106.02862710478524,1,2047,0.8638760447502136,0.27598363161087036,0.8936779499053955,1.5711416889718777e-10,0.0,9.658567428588867
187,106.22596577205914,2,2046,0.8638760447502136,0.2760227620601654,0.8898943662643433,3.2671548799712014e-10,0.0,9.484622955322266
188,106.49846703989994,7,2041,0.8638760447502136,0.27322918176651,0.8921732306480408,4.0241485144143496e-10,0.0,9.707693099975586
189,106.68777977847496,9,2039,0.8638760447502136,0.2731439173221588,0.8899571299552917,1.779521419109642e-09,0.0,9.802189826965332
190,107.0868323775357,3,2045,0.8638760447502136,0.27229028940200806,0.880474328994751,7.383050837361793e-10,0.0,9.812886238098145
191,107.32492402138146,8,2040,0.8638760447502136,0.2699500322341919,0.8634673953056335,5.855760321082926e-10,0.0,9.776032447814941
192,107.36669295932006,5,2043,0.8638760447502136,0.2700316905975342,0.8808590769767761,1.6322224127840457e-10,0.0,9.743650436401367
193,107.65604768647147,11,2037,0.8638760447502136,0.26837536692619324,0.8963145613670349,3.7524037210801e-09,0.0,9.75290298461914
194,107.89134849701374,7,2041,0.8638760447502136,0.26762428879737854,0.8863704204559326,6.711691202809789e-10,0.0,10.003490447998047
195,108.0972445123521,2,2046,0.8638760447502136,0.2661360204219818,0.8984778523445129,2.377005259290854e-10,0.0,9.954827308654785
196,108.39624292025721,20,2028,0.8638760447502136,0.26600897312164307,0.8878400921821594,2.26417151694136e-09,0.0,10.062324523925781
197,108.6853878429779,5,2043,0.8638760447502136,0.2666611671447754,0.8765214681625366,2.6773391836876215e-10,0.0,10.043713569641113
198,108.93624482634752,4,2044,0.8638760447502136,0.26519960165023804,0.8884374499320984,1.0745409423362773e-10,0.0,10.105141639709473
199,109.13684866388661,3,2045,0.8638760447502136,0.2632494568824768,0.8924022316932678,1.9692494857004306e-10,0.0,10.045083999633789
200,109.51612410847024,1,2047,0.8638760447502136,0.26217561960220337,0.8937569856643677,6.870753271881469e-11,0.0,9.992913246154785
201,109.85305802486192,0,2048,1.0,0.26061493158340454,0.8914909362792969,7.494858206280597e-11,0.0,9.814737319946289
202,110.106013237624,7,2041,0.8638760447502136,0.2600362002849579,0.8960081934928894,1.9038287613071248e-10,0.0,9.8178071975708
203,110.31286695264649,9,2039,0.8638760447502136,0.2599254548549652,0.8902571201324463,1.568739582680223e-10,0.0,10.218050956726074
204,110.66069930276345,4,2044,0.8638760447502136,0.2587551176548004,0.9046505093574524,1.2883025202192755e-10,0.0,10.072439193725586
205,110.86743596950049,4,2044,0.8638760447502136,0.25823360681533813,0.9136365652084351,1.560035850500796e-10,0.0,10.1919584274292
206,111.24179336204615,5,2043,0.8638760447502136,0.2581827640533447,0.9037108421325684,1.507976798986732e-10,-0.18243062496185303,9.154553413391113
207,111.49620726740238,9,2039,0.8451278805732727,0.25688159465789795,0.9123435616493225,4.694952426831378e-09,0.0,9.280288696289062
208,111.71146269437115,23,2025,0.8451278805732727,0.2565511465072632,0.9401360750198364,1.2191380349690917e-08,0.0,9.142573356628418
209,112.22082791865547,10,2038,0.8451279401779175,0.25619858503341675,0.9367389678955078,1.8520813771516487e-09,0.0,9.521949768066406
210,112.36154235288139,7,2041,0.8451279401779175,0.2567157745361328,0.9334520101547241,1.7283574571536064e-09,0.0,9.816311836242676
211,112.54922634384724,8,2040,0.8451278805732727,0.25687095522880554,0.944216787815094,4.894311067538126e-10,0.0,9.784847259521484
212,112.56765083537647,5,2043,0.8451278805732727,0.25680485367774963,0.9536004662513733,3.740038501121035e-09,0.0,9.930968284606934
213,112.83442960525508,6,2042,0.8451278805732727,0.2553379237651825,0.9309176206588745,2.872182269797463e-09,0.0,10.035365104675293
214,113.12843665647141,17,2031,0.8451279401779175,0.2544323801994324,0.9462525844573975,3.9577244592692296e-08,0.0,10.009507179260254
215,113.31769908350233,5,2043,0.8451278805732727,0.25494277477264404,0.9422310590744019,5.185376572569567e-09,0.0,9.89949893951416
216,113.50357335670809,20,2028,0.8451279401779175,0.2532869875431061,0.9443484544754028,4.885633231310749e-09,0.0,10.056718826293945
217,113.78956408769147,5,2043,0.8451278805732727,0.25314173102378845,0.9281656742095947,7.866211571005977e-10,0.0,10.055499076843262
218,114.06745236024965,6,2042,0.8451278805732727,0.252514123916626,0.9307014346122742,8.797067518884205e-10,0.0,9.979779243469238
219,114.34150577713939,7,2041,0.8451279401779175,0.2511797249317169,0.924983024597168,9.739328232782896e-10,0.0,10.431493759155273
220,114.5912258900201,13,2035,0.8451279401779175,0.25042644143104553,0.9223169088363647,4.996099645104835e-10,0.0,10.542041778564453
221,114.7451235630932,19,2029,0.8451279401779175,0.25058212876319885,0.9302745461463928,1.0484635382113083e-09,-0.10398494452238083,0.12289140373468399
222,114.54443863992178,236,1812,0.8416250348091125,0.25070518255233765,0.333598256111145,0.04795011505484581,-0.7842157483100891,0.4035714566707611
223,114.62360852356387,20,2028,0.8437142372131348,0.24974651634693146,0.5616344809532166,0.0031360296998173,0.0,0.5599162578582764
224,114.8812508446364,10,2038,0.8437142372131348,0.24870899319648743,0.5625060796737671,0.0009093548869714141,0.0,0.6563642621040344
225,115.15928801139609,10,2038,0.8437142372131348,0.24923932552337646,0.5918673276901245,0.0005088000325486064,0.0,0.8110634684562683
226,115.39333364534646,5,2043,0.8437142372131348,0.24928204715251923,0.5975984334945679,0.00026830504066310823,0.0,0.952549934387207
227,115.53664839133748,10,2038,0.8437142372131348,0.24831418693065643,0.6102222204208374,9.642622899264097e-05,0.0,1.027819037437439
228,115.9754100278422,4,2044,0.8437142968177795,0.24698981642723083,0.629469096660614,3.8027494156267494e-05,0.0,1.1708346605300903
229,116.13807899442111,9,2039,0.8437142372131348,0.2466878443956375,0.6403718590736389,1.932295890583191e-05,0.0,1.1949387788772583
230,116.4400189785951,14,2034,0.8437142372131348,0.24684064090251923,0.6046702265739441,1.4995646779425442e-05,0.0,1.4139028787612915
231,115.36419425733777,7,2041,0.8437142372131348,0.2458515763282776,0.39330023527145386,2.2120866560726427e-06,0.0,2.9142367839813232
232,115.60167891311336,14,2034,0.8437142372131348,0.24653375148773193,0.5959504246711731,3.803499794230447e-06,0.0,1.4483847618103027
233,115.89587191622257,1,2047,0.8437142968177795,0.2465798556804657,0.5913077592849731,1.854862603067886e-06,0.0,1.6069982051849365
234,116.15540342159409,14,2034,0.8437142372131348,0.24495434761047363,0.6322693824768066,8.587302886553516e-07,0.0,1.7677377462387085
235,116.4543321642948,4,2044,0.8437142968177795,0.24409428238868713,0.6456783413887024,3.230033200907201e-07,0.0,1.807774305343628
236,116.62810062151044,5,2043,0.8437142372131348,0.24315975606441498,0.6472228169441223,2.246421360041495e-07,0.0,1.7765370607376099
237,116.8844181977056,5,2043,0.8437142372131348,0.24278269708156586,0.6774308681488037,1.1158877555317304e-07,0.0,1.720471739768982
238,117.14780047860499,4,2044,0.8437142968177795,0.2417067438364029,0.6610422730445862,1.2319293318796554e-07,0.0,1.7825664281845093
239,117.29986415528933,8,2040,0.8437142968177795,0.24190577864646912,0.7065017223358154,4.8125887275318746e-08,0.0,1.9030866622924805
240,117.47340599785223,6,2042,0.8437142372131348,0.24165159463882446,0.6880649924278259,3.840528606247062e-08,0.0,1.971757411956787
241,117.70680966409063,3,2045,0.8437142372131348,0.24101288616657257,0.6660476326942444,2.384896369278522e-08,0.0,2.006369113922119
242,117.95337064955456,12,2036,0.8437142372131348,0.23943500220775604,0.692637026309967,1.3348521399336732e-08,-0.3413936495780945,0.9022472500801086
243,118.18530977879009,0,2048,1.0,0.23758648335933685,0.7765665650367737,9.670751666135402e-08,0.0,0.819492518901825
244,118.42395220537188,3,2045,0.8419808745384216,0.236944317817688,0.7727529406547546,5.423204996191089e-08,0.0,0.8535051345825195
245,118.55016290044165,4,2044,0.8419808745384216,0.2355799525976181,0.7498615384101868,3.9941433271906135e-08,0.0,0.8291870951652527
246,118.8122266319704,8,2040,0.8419808745384216,0.2357509583234787,0.7648502588272095,2.8420345188351348e-08,0.0,0.8453861474990845
247,118.92686866083835,10,2038,0.8419808745384216,0.2349349409341812,0.7800701260566711,2.553847622266403e-08,0.0,0.847557544708252
248,119.07387202610934,0,2048,1.0,0.2338356375694275,0.750283420085907,2.3403776694408407e-08,0.0,0.8388725519180298
249,119.20067782500426,0,2048,1.0,0.23174701631069183,0.7518571615219116,1.2344679944931158e-08,0.0,0.9994670748710632
250,119.33738390111394,5,2043,0.8419809341430664,0.23032443225383759,0.7164668440818787,1.1884149664354027e-08,0.0,1.001266598701477
251,119.45757476388181,15,2033,0.8419808745384216,0.23019443452358246,0.73638516664505,1.0211525847125813e-08,0.0,0.945858895778656
252,119.65126510341595,7,2041,0.8419808745384216,0.23112426698207855,0.7211630344390869,1.646386671438904e-08,0.0,0.9338812828063965
253,119.80358295563968,10,2038,0.8419808745384216,0.23225165903568268,0.734984278678894,1.4812136406305854e-08,0.0,0.8574281930923462
254,119.99746260194466,1,2047,0.8419808745384216,0.232264444231987,0.7040560245513916,1.551309480873897e-08,0.0,0.9264664053916931
255,120.16315127023205,0,2048,1.0,0.23290778696537018,0.7159404158592224,8.6826688061592e-09,0.0,1.0015140771865845
256,120.30720399105928,11,2037,0.8419808745384216,0.23303987085819244,0.7428531050682068,5.413536285914233e-09,0.0,0.9474758505821228
257,120.43078284502333,3,2045,0.8419808745384216,0.23244617879390717,0.7450448870658875,4.749807658299687e-09,0.0,1.0048359632492065
258,120.5249652363561,6,2042,0.8419809341430664,0.23062629997730255,0.7190887928009033,4.052546742627783e-09,0.0,1.1317644119262695
259,120.69701371215724,0,2048,1.0,0.23023030161857605,0.7383887767791748,5.433062444382131e-09,0.0,1.2160741090774536
260,120.95706858405785,7,2041,0.8419808745384216,0.2299017459154129,0.7451938986778259,4.813093923417e-09,0.0,1.2598220109939575
261,121.17634451534092,3,2045,0.8419808745384216,0.22922642529010773,0.7419018149375916,3.7081673287531203e-09,0.0,1.31132173538208
262,121.42431005008142,1,2047,0.8419808745384216,0.22901268303394318,0.7575517296791077,2.626044937059646e-09,0.0,1.5182321071624756
263,121.62057208229425,6,2042,0.8419809341430664,0.2281373292207718,0.7619798183441162,3.4395053472024983e-09,0.0,1.4364761114120483
264,121.70783440652282,6,2042,0.8419809341430664,0.22762157022953033,0.7440647482872009,2.573854684939647e-09,0.0,1.4208018779754639
265,121.85972967547724,1,2047,0.8419808745384216,0.22610756754875183,0.7587750554084778,2.6043107670403742e-09,0.0,1.5626879930496216
266,121.84840901681376,9,2039,0.8419808745384216,0.2259502112865448,0.7327941656112671,2.401209231450707e-09,0.0,1.4173572063446045
267,122.0383941400223,2,2046,0.8419809341430664,0.2263837307691574,0.712922215461731,2.5789030910772226e-09,0.0,1.3821070194244385
268,122.15862608134752,3,2045,0.8419808745384216,0.22650249302387238,0.7457350492477417,2.5841959683248206e-09,0.0,1.247834324836731
269,122.36965144090203,5,2043,0.8419809341430664,0.22568675875663757,0.7354505062103271,3.540046034089528e-09,0.0,1.267934799194336
270,122.4703756899337,5,2043,0.8419809341430664,0.22592948377132416,0.7255791425704956,3.31720628743426e-09,0.0,1.3635040521621704
271,123.16170904951525,5,2043,0.8419809341430664,0.22554689645767212,0.7482222318649292,3.788835911677779e-09,0.0,1.3598453998565674
272,123.25590292724169,5,2043,0.8419809341430664,0.22497272491455078,0.7391766309738159,3.974071738355178e-09,0.0,1.212373971939087
273,123.37990146504167,4,2044,0.8419808745384216,0.2253825068473816,0.7383401989936829,5.103741873568879e-09,0.0,1.1721045970916748
274,123.41104383301925,4,2044,0.8419808745384216,0.22561880946159363,0.7242538332939148,3.4030795958983617e-09,0.0,1.194696068763733
275,123.5132654564728,4,2044,0.8419808745384216,0.2255382388830185,0.719689667224884,2.3853450326072334e-09,0.0,1.060241460800171
276,123.62311532439291,0,2048,1.0,0.22460713982582092,0.726134181022644,2.815940369771397e-09,0.0,1.001672387123108
277,123.56156738372125,2,2046,0.8419809341430664,0.22292034327983856,0.7226686477661133,2.499361384522558e-09,0.0,1.1214323043823242
278,123.75025278787346,3,2045,0.8419808745384216,0.2213682234287262,0.712469756603241,2.3742259269710075e-09,0.0,1.1070538759231567
279,123.7490484709363,4,2044,0.8419808745384216,0.22128987312316895,0.735514760017395,2.305338364649856e-09,-0.2594709098339081,1.2601045370101929
280,125.13209865462147,0,2048,1.0,0.22167883813381195,0.774078905582428,2.5593529517919933e-09,0.0,1.2369749546051025
281,125.14448967187873,2,2046,0.8409386873245239,0.22107774019241333,0.769895613193512,3.7084504356243997e-09,0.0,1.2716730833053589
282,125.15932403733379,2,2046,0.8409386873245239,0.2220946103334427,0.7686530947685242,2.719121372507516e-09,0.0,1.271198034286499
283,125.24201466949458,0,2048,1.0,0.22179271280765533,0.7598535418510437,2.037449986502793e-09,0.0,1.2722651958465576
284,125.26749422698987,0,2048,1.0,0.22244718670845032,0.7641643285751343,3.0752582702575637e-09,0.0,1.292305827140808
285,125.31312233398205,3,2045,0.8409386873245239,0.2226591855287552,0.7905946969985962,3.9902072757058704e-09,0.0,1.227012276649475
286,125.32063721520944,0,2048,1.0,0.22122439742088318,0.7459501624107361,2.8032911547626327e-09,0.0,1.2324159145355225
287,125.44179659806106,2,2046,0.8409386873245239,0.2214653640985489,0.7486652135848999,2.3089525846842207e-09,0.0,1.3913241624832153
288,125.48608564340515,3,2045,0.8409386873245239,0.22283627092838287,0.7917307615280151,1.6323462581624426e-09,0.0,1.6077176332473755
289,125.5789757163662,1,2047,0.8409386277198792,0.22256124019622803,0.7715103626251221,1.8911310295521844e-09,0.0,1.5762120485305786
290,125.72270448897304,3,2045,0.8409386873245239,0.22301073372364044,0.8030799031257629,1.6884101894376613e-09,0.0,1.5761349201202393
291,125.72401134169236,6,2042,0.8409386873245239,0.22320155799388885,0.7894365191459656,2.5518467339225026e-09,0.0,1.496561050415039
292,125.67169660793607,3,2045,0.8409386873245239,0.22276660799980164,0.8081495761871338,2.772323703936763e-09,0.0,1.76164972782135
293,125.65606203343435,2,2046,0.8409386873245239,0.221543550491333,0.7481524348258972,2.0552335389112386e-09,0.0,1.738447904586792
294,125.6663473179869,6,2042,0.8409386873245239,0.22102968394756317,0.7383623719215393,2.0078327889194725e-09,0.0,1.7264008522033691
295,125.71372567641454,0,2048,1.0,0.22100509703159332,0.7494333982467651,3.1977398506910504e-09,0.0,1.7199459075927734
296,125.7345573709134,0,2048,1.0,0.2198205590248108,0.7352321147918701,2.400807330715793e-09,0.0,1.6900886297225952
297,125.76483754200646,4,2044,0.8409386873245239,0.21988655626773834,0.7529885768890381,1.8485318831196196e-09,0.0,1.5868768692016602
298,125.76130319085489,2,2046,0.8409386873245239,0.21965770423412323,0.72333824634552,2.2825015211225264e-09,0.0,1.4637670516967773
299,125.73069779613546,1,2047,0.8409386277198792,0.22012993693351746,0.7535099387168884,2.962476486345622e-09,0.0,1.4414186477661133
300,125.7295659403122,3,2045,0.8409386873245239,0.21931672096252441,0.7629502415657043,2.0362460606548893e-09,0.0,1.4963113069534302
301,125.78132282623352,10,2038,0.8409386873245239,0.21875780820846558,0.7743745446205139,1.5798490293761347e-09,0.0,1.5270254611968994
302,125.80566417273458,3,2045,0.8409386873245239,0.22012615203857422,0.7748071551322937,1.2709838737023915e-09,0.0,1.5632268190383911
303,125.69635272713784,1,2047,0.8409386277198792,0.22061355412006378,0.7820218801498413,1.9858141797612916e-09,0.0,1.3965963125228882
304,125.62658369897798,0,2048,1.0,0.22059038281440735,0.7472140192985535,2.5808755133027717e-09,0.0,1.3349571228027344
305,125.74013827693204,2,2046,0.8409386873245239,0.22022277116775513,0.7520936131477356,2.343038874030867e-09,0.0,1.3168715238571167
306,125.76929257097663,4,2044,0.8409386873245239,0.2195422500371933,0.7566184997558594,1.980919650534929e-09,0.0,1.3269712924957275
307,125.72381698881037,0,2048,1.0,0.2191409170627594,0.7556427121162415,2.159535661405698e-09,0.0,1.2629095315933228
308,125.74576135598636,2,2046,0.8409386873245239,0.21959912776947021,0.7496926784515381,2.095883688824074e-09,0.0,1.3733181953430176
309,125.57478044035011,1,2047,0.8409386277198792,0.21908003091812134,0.7279695272445679,1.7279256914193297e-09,0.0,1.4480513334274292
310,125.64312967438417,7,2041,0.8409386873245239,0.2191552072763443,0.718633770942688,1.6030875515937737e-09,0.0,1.5627391338348389
311,125.53786487561521,6,2042,0.8409386873245239,0.21919816732406616,0.7256932258605957,1.6439720695871074e-09,0.0,1.437211275100708
312,125.45618354836407,5,2043,0.8409386277198792,0.2189236283302307,0.72034752368927,1.18082299493949e-09,0.0,1.4934488534927368
313,125.52584565494035,9,2039,0.8409386873245239,0.2193543165922165,0.706330418586731,1.1969372160081093e-09,0.0,1.4107856750488281
314,125.38333721276447,5,2043,0.8409386277198792,0.2186010330915451,0.6729625463485718,1.5874865866294385e-09,0.0,1.3373676538467407
315,125.33934381998188,3,2045,0.8409386873245239,0.21905940771102905,0.6972758769989014,1.881915512313981e-09,0.0,1.3585901260375977
316,125.19126409283326,0,2048,1.0,0.2177676409482956,0.7070832252502441,1.0669971572951908e-09,0.0,1.5246522426605225
317,125.10878886247596,1,2047,0.8409386277198792,0.21733109652996063,0.6943116188049316,1.4359040623190822e-09,0.0,1.3940244913101196
318,125.10634328617282,2,2046,0.8409386873245239,0.21776963770389557,0.6987910270690918,9.653813304311143e-10,0.0,1.4792896509170532
319,125.11845179034644,1,2047,0.8409386277198792,0.21692541241645813,0.7461727261543274,9.520879640234625e-10,0.0,1.5694985389709473
320,125.22466521545948,3,2045,0.8409386873245239,0.21697375178337097,0.7029438614845276,5.3888253859213364e-09,0.0,1.7576067447662354
321,125.23351848076084,1,2047,0.8409386277198792,0.21533311903476715,0.6909991502761841,1.3953964650426087e-09,0.0,1.8225562572479248
322,125.24084586624932,2,2046,0.8409386873245239,0.2143407016992569,0.6733804941177368,2.9979012605707567e-09,0.0,1.9368038177490234
323,125.249919417545,4,2044,0.8409386873245239,0.2128540426492691,0.6809785962104797,1.187988707407328e-09,0.0,1.9206291437149048
324,125.24856877465574,8,2040,0.8409386277198792,0.21196673810482025,0.6952069997787476,1.644199998374063e-09,0.0,1.7370190620422363
325,125.28699216614335,4,2044,0.8409386873245239,0.2112085521221161,0.6847447752952576,2.6554998200367663e-09,0.0,1.6922045946121216
326,125.3758221023654,2,2046,0.8409386873245239,0.21191507577896118,0.682197630405426,3.024594796841029e-09,0.0,1.7268608808517456
327,125.44346701963717,3,2045,0.8409386873245239,0.2112036496400833,0.6703570485115051,2.20262474925903e-09,0.0,1.7970587015151978
328,125.50076941637833,3,2045,0.8409386873245239,0.2113419622182846,0.6719250679016113,1.6026323601536774e-09,0.0,1.7834786176681519
329,125.5971152850774,7,2041,0.8409386873245239,0.21183361113071442,0.6775987148284912,2.96858404524869e-09,0.0,1.7650666236877441
330,125.57075326017497,0,2048,1.0,0.21147772669792175,0.6375687718391418,3.967161710249911e-09,0.0,1.6313040256500244
331,125.54181975410712,2,2046,0.8409386873245239,0.21182185411453247,0.6813682913780212,2.4593544978301907e-09,0.0,1.6107726097106934
332,125.6220741148034,3,2045,0.8409386873245239,0.21238189935684204,0.669786810874939,1.7995718248897674e-09,0.0,1.6693060398101807
333,125.66450736337868,1,2047,0.8409386277198792,0.21220563352108002,0.6529927849769592,1.858966536261164e-09,0.0,1.678316593170166
334,125.75696542460368,4,2044,0.8409386873245239,0.2112710326910019,0.6691457033157349,2.3894446421479643e-09,0.0,1.7115598917007446
335,125.8309093486935,0,2048,1.0,0.21084921061992645,0.6743773221969604,3.6654015378445592e-09,0.0,1.6211061477661133
336,125.68887227699784,4,2044,0.8409386873245239,0.2114773988723755,0.6919065713882446,9.853140525706294e-09,0.0,1.502139925956726
337,125.60777738793162,1,2047,0.8409386277198792,0.21139195561408997,0.6642017960548401,2.51161509368103e-08,0.0,1.577545404434204
338,125.73006714476035,1,2047,0.8409386277198792,0.2106209546327591,0.6950123310089111,1.921648395963871e-09,0.0,1.6223700046539307
339,125.7954805905337,1,2047,0.8409386277198792,0.21056950092315674,0.6579225659370422,3.755325828080913e-09,0.0,1.5915179252624512
340,125.92132050498121,2,2046,0.8409386873245239,0.2111830711364746,0.6449099183082581,2.7008271175077425e-09,-0.5089665055274963,1.3076987266540527
341,126.07510466072986,6,2042,0.8372195363044739,0.21110323071479797,0.6926201581954956,8.367930348640584e-09,0.0,1.4609631299972534
342,126.17835901460933,2,2046,0.8372195363044739,0.21085113286972046,0.7034653425216675,3.665437953159767e-09,0.0,1.478519082069397
343,126.22385191927432,6,2042,0.8372195363044739,0.2104330062866211,0.5623919367790222,3.379949653492531e-09,0.0,1.7957630157470703
344,124.66769787907266,3,2045,0.8372195363044739,0.21022087335586548,0.526627779006958,3.4351539390797825e-09,0.0,1.7311217784881592
345,124.468934112857,2,2046,0.8372195363044739,0.2095288187265396,0.6731293201446533,1.453986897104187e-06,0.0,1.3920468091964722
346,124.43760840645166,3,2045,0.8372195363044739,0.20895105600357056,0.7033675312995911,1.5665573016576673e-07,0.0,1.339300274848938
347,124.4225652958594,14,2034,0.8372195363044739,0.20801913738250732,0.7384625673294067,1.8912614905275404e-05,0.0,1.2610300779342651
348,124.50320402530373,4,2044,0.8372195363044739,0.20831100642681122,0.7270219326019287,5.408766128311981e-07,0.0,1.4589194059371948
349,124.57561929480056,6,2042,0.8372195363044739,0.20600777864456177,0.7110157608985901,4.6513680018733794e-08,0.0,1.4381887912750244
350,124.54612415953378,1,2047,0.8372195363044739,0.2054285705089569,0.7426380515098572,2.4432832645970848e-08,0.0,1.4428231716156006
351,124.65528831791057,1,2047,0.8372195363044739,0.2054971307516098,0.7543825507164001,8.119102723469496e-09,0.0,1.5960980653762817
352,124.718312385948,5,2043,0.8372195363044739,0.20488373935222626,0.7867375612258911,4.362314598438388e-08,0.0,1.1436182260513306
353,124.49816088787553,6,2042,0.8372195363044739,0.20514234900474548,0.7496547698974609,0.0011758912587538362,0.0,1.4126991033554077
354,124.1334902244897,1,2047,0.8372195363044739,0.20479846000671387,0.7632982134819031,0.0001332627871306613,0.0,1.1451853513717651
355,124.24638460500219,49,1999,0.8372195363044739,0.20521409809589386,0.7233546376228333,0.021261679008603096,0.0,1.268900990486145
356,124.14594684638722,62,1986,0.8372195363044739,0.20536670088768005,0.6926730871200562,0.03001643717288971,-0.793352484703064,1.3576245307922363
357,124.13255762986084,0,2048,1.0,0.20464251935482025,0.7132358551025391,0.0052088783122599125,0.0,1.3151143789291382
358,124.20745503236742,0,2048,1.0,0.20361997187137604,0.7151761651039124,0.0006573869613930583,0.0,1.2012325525283813
359,124.31507967484575,0,2048,1.0,0.20402052998542786,0.679814875125885,0.0001406987285008654,0.0,1.2090468406677246
360,124.32675543503893,1,2047,0.8447023630142212,0.2032460868358612,0.6575931310653687,0.000514794432092458,0.0,1.3673356771469116
361,124.3108173310161,3,2045,0.8447023630142212,0.20301960408687592,0.6969456672668457,1.4680195818073116e-05,0.0,1.3425381183624268
362,124.37710924458005,0,2048,1.0,0.2038549929857254,0.6789899468421936,7.786325681991002e-07,0.0,1.234336495399475
363,124.53574725010363,1,2047,0.8447023630142212,0.20419369637966156,0.7039207816123962,1.7595184544916265e-06,0.0,1.2593003511428833
364,124.59232681961848,0,2048,1.0,0.20413312315940857,0.6791362762451172,1.5780423154865275e-06,0.0,1.3181174993515015
365,124.75610276506272,2,2046,0.8447023630142212,0.20441079139709473,0.7176246047019958,1.2068506975992932e-06,0.0,1.417667031288147
366,124.78474481131865,1,2047,0.8447023630142212,0.2047753632068634,0.7125349640846252,3.500618959151325e-07,0.0,1.3696595430374146
367,124.80650131148674,0,2048,1.0,0.20452576875686646,0.7355408072471619,2.528395555145835e-07,0.0,1.2969717979431152
368,124.89505518634249,1,2047,0.8447023630142212,0.2049257457256317,0.7021856307983398,2.6003814923569735e-07,0.0,1.2637783288955688
369,124.86177181885859,0,2048,1.0,0.20626823604106903,0.7237336039543152,1.0571117314839285e-07,0.0,1.191699743270874
370,124.85949780201344,1,2047,0.8447023630142212,0.20628893375396729,0.6616891026496887,8.951428753789514e-08,0.0,1.104848861694336
371,124.78307903292392,0,2048,1.0,0.20627644658088684,0.6764726042747498,9.749455642804605e-08,0.0,1.1535651683807373
372,124.82568307235388,0,2048,1.0,0.20656394958496094,0.6436992287635803,9.416511659310345e-08,0.0,1.2013158798217773
373,124.80702301019852,0,2048,1.0,0.20557428896427155,0.6792781352996826,3.926940905785159e-08,0.0,1.2581663131713867
374,124.71308678929518,0,2048,1.0,0.20683994889259338,0.6601288914680481,3.765041611814013e-08,0.0,1.2303926944732666
375,124.69014753161433,0,2048,1.0,0.20631985366344452,0.703869640827179,2.9458599115628203e-08,0.0,1.3023817539215088
376,124.62329071205357,0,2048,1.0,0.2060677707195282,0.7301945090293884,2.631424500521007e-08,0.0,1.214111566543579
377,124.36783615875525,4,2044,0.8447023630142212,0.2052941769361496,0.7186645865440369,2.662668805442081e-07,0.0,1.2063734531402588
378,124.3583198640109,1,2047,0.8447023630142212,0.2043122798204422,0.7509483098983765,1.8284553107150714e-06,0.0,1.057097315788269
379,124.13292536176431,0,2048,1.0,0.20437119901180267,0.7111821174621582,0.00015251610602717847,0.0,1.2438944578170776
380,124.20775131311498,0,2048,1.0,0.20404645800590515,0.6771915555000305,7.022872978268424e-06,0.0,1.272700548171997
381,124.10230196791886,0,2048,1.0,0.20380374789237976,0.6990545392036438,1.2706004781648517e-06,0.0,1.2248672246932983
382,124.07529474864755,1,2047,0.8447023630142212,0.20274688303470612,0.7230760455131531,1.3834911442245357e-05,0.0,1.1839032173156738
383,124.06130290557901,1,2047,0.8447023630142212,0.2028864622116089,0.7382124066352844,7.348000963247614e-06,0.0,1.2662066221237183
384,124.08926889013433,1,2047,0.8447023630142212,0.20324155688285828,0.7908304929733276,1.349898184344056e-06,0.0,1.347938060760498
385,124.2307124243941,2,2046,0.8447023630142212,0.20260590314865112,0.6861279010772705,6.081673973312718e-07,0.0,1.2510361671447754
386,124.2293226192144,1,2047,0.8447023630142212,0.20346017181873322,0.6746068000793457,2.490035058144713e-07,0.0,1.254932165145874
387,124.1322778168048,3,2045,0.8447023630142212,0.2028263956308365,0.6839333772659302,7.331534561672015e-07,0.0,1.1679500341415405
388,124.10280110649968,0,2048,1.0,0.20323246717453003,0.6613913178443909,5.1220084174019576e-08,0.0,1.2043193578720093
389,124.18488777685485,0,2048,1.0,0.20264063775539398,0.6751900315284729,1.1924066711799242e-07,0.0,1.2583143711090088
390,124.07495710341604,4,2044,0.8447023630142212,0.20300820469856262,0.6791952252388,2.721089913393371e-07,0.0,1.2890185117721558
391,123.99187438718768,3,2045,0.8447023630142212,0.2026166319847107,0.652386486530304,5.87365002502338e-06,0.0,1.120450496673584
392,123.91112441505835,5,2043,0.8447023630142212,0.20268787443637848,0.6806547045707703,6.408609465324844e-08,0.0,1.1350550651550293
393,125.60499519200124,1,2047,0.8447023630142212,0.20276260375976562,0.6472126841545105,1.9817161245327952e-08,0.0,1.150610327720642
394,125.775243330063,1,2047,0.8447023630142212,0.2028558999300003,0.6205647587776184,2.418080313759674e-08,0.0,1.0358495712280273
395,125.88349458952567,1,2047,0.8447023630142212,0.203025683760643,0.6533772349357605,2.400884469011544e-08,0.0,1.056718111038208
396,125.96528763429697,3,2045,0.8447023630142212,0.20240867137908936,0.6791383028030396,2.858733161303917e-08,0.0,0.9433392286300659
397,125.84057125884217,3,2045,0.8447023630142212,0.20272693037986755,0.6469868421554565,2.667641041398383e-08,0.0,0.7847676873207092
398,125.91848019041737,0,2048,1.0,0.20291532576084137,0.6240741014480591,6.362306947949037e-08,0.0,0.9534339904785156
399,125.9342678058267,0,2048,1.0,0.20262537896633148,0.6422553658485413,7.338723406746794e-09,0.0,1.1992121934890747
400,125.99874534143684,1,2047,0.8447023630142212,0.20229047536849976,0.6292338967323303,1.380370129311359e-08,0.0,1.1095901727676392
401,126.21135160937452,3,2045,0.8447023630142212,0.2023496925830841,0.644015371799469,9.040562076734204e-09,0.0,0.872628927230835
402,126.06524706957609,1,2047,0.8447023630142212,0.202335387468338,0.622821033000946,2.1502058800138002e-08,0.0,0.9434207081794739
403,124.77717031257,0,2048,1.0,0.2019350528717041,0.44276273250579834,2.120644637670921e-08,0.0,1.300995111465454
404,124.64288412783777,0,2048,1.0,0.20095214247703552,0.6401041746139526,5.784227496974381e-08,0.0,0.9317196011543274
405,124.57871931772753,7,2041,0.8447023630142212,0.20139892399311066,0.6605002880096436,7.579961902592913e-08,0.0,0.9524449706077576
406,124.54621157299076,0,2048,1.0,0.20124445855617523,0.6330307722091675,1.1243932895865782e-08,0.0,0.9338957667350769
407,124.50190651445344,0,2048,1.0,0.2011399120092392,0.6508383750915527,1.2559372208897912e-08,0.0,0.8670936822891235
408,124.3495062354975,0,2048,1.0,0.20138485729694366,0.653380274772644,8.470028944884689e-08,0.0,0.9151650667190552
409,124.30477333582104,0,2048,1.0,0.20143364369869232,0.6344725489616394,2.075299221360183e-08,0.0,0.8615776300430298
410,124.20022873494919,6,2042,0.8447023630142212,0.20116116106510162,0.6274687647819519,1.8207263963176956e-07,0.0,0.9198092222213745
411,124.18748293408656,0,2048,1.0,0.20092138648033142,0.6737511157989502,1.552752237898858e-08,0.0,0.9265791773796082
412,124.1759332323267,0,2048,1.0,0.19999970495700836,0.6387113332748413,1.2099047097535731e-08,0.0,1.022837519645691
413,124.12199333785557,0,2048,1.0,0.19881713390350342,0.6190916895866394,3.096387501955178e-08,0.0,0.9525322914123535
414,124.06524243877699,0,2048,1.0,0.19802065193653107,0.5965456366539001,3.941618942349123e-08,0.0,1.0629594326019287
415,124.10645099606985,0,2048,1.0,0.19681110978126526,0.6600136160850525,9.784994148276382e-09,0.0,0.9562476277351379
416,124.0622844629471,2,2046,0.8447023630142212,0.195905402302742,0.62950599193573,1.3788710617745892e-08,0.0,0.9755845665931702
417,124.09465037562032,3,2045,0.8447023630142212,0.19586126506328583,0.6104521155357361,4.204805392760136e-09,0.0,0.920506477355957
418,124.051018853786,1,2047,0.8447023630142212,0.1968715339899063,0.625397801399231,1.518077219486713e-08,0.0,0.8764022588729858
419,124.05692674042308,0,2048,1.0,0.19647592306137085,0.60533607006073,9.27281273988001e-09,0.0,0.9362357258796692
420,124.0493662324148,0,2048,1.0,0.19610892236232758,0.606441080570221,6.248344508463788e-09,0.0,0.9803403615951538
421,124.19753521501397,0,2048,1.0,0.19564585387706757,0.6313220858573914,4.859188162953387e-09,0.0,1.1015050411224365
422,124.22007337237956,6,2042,0.8447023630142212,0.1962565779685974,0.5928933620452881,8.91363249877486e-09,0.0,1.084025263786316
423,124.33513223841724,1,2047,0.8447023630142212,0.1964242309331894,0.6130595207214355,1.1181724879349986e-08,0.0,1.18108332157135
424,124.24453059732419,2,2046,0.8447023630142212,0.19569465517997742,0.5959765315055847,1.7712563860072805e-08,0.0,1.1292054653167725
425,124.21046540436117,0,2048,1.0,0.19596326351165771,0.6071058511734009,4.511028350862034e-08,0.0,1.1225849390029907
426,124.3605544504913,1,2047,0.8447023630142212,0.19490401446819305,0.5799762010574341,1.4550304285876337e-06,0.0,1.0775035619735718
427,124.39579576740017,1,2047,0.8447023630142212,0.19408853352069855,0.6205482482910156,9.024006430990994e-07,0.0,1.1141023635864258
428,124.68597287454838,1,2047,0.8447023630142212,0.19398055970668793,0.6016517877578735,2.8341947455601257e-08,0.0,1.1254684925079346
429,124.65518515664263,0,2048,1.0,0.1936972588300705,0.5519211292266846,2.0113539278554526e-07,0.0,1.1403120756149292
430,124.7100163634635,2,2046,0.8447023630142212,0.1933041512966156,0.5753740072250366,1.2426757223238383e-07,0.0,1.0757012367248535
431,124.74865583437025,0,2048,1.0,0.19322586059570312,0.6022078394889832,4.433930200775649e-08,0.0,1.1089446544647217
432,124.84019990379036,1,2047,0.8447023630142212,0.19434019923210144,0.5521510243415833,1.9544373230928613e-08,0.0,1.0995756387710571
433,124.81111064597499,0,2048,1.0,0.19480454921722412,0.5297319293022156,2.5859199226374585e-08,0.0,1.0801599025726318
434,124.77774706309607,5,2043,0.8447023630142212,0.19464769959449768,0.5806846618652344,4.7133383418440644e-08,0.0,1.1806764602661133
435,124.92914442633057,0,2048,1.0,0.19466707110404968,0.5610342025756836,3.8399566193447754e-08,0.0,1.2284265756607056
436,124.97162502484309,0,2048,1.0,0.1949457973241806,0.528920590877533,1.7650149786163638e-08,0.0,1.3574538230895996
437,125.04257193501824,0,2048,1.0,0.1950511634349823,0.5353348255157471,3.488512945182265e-08,0.0,1.337154507637024
438,124.77641480861502,1,2047,0.8447023630142212,0.19582870602607727,0.5641791820526123,2.1796777716076576e-08,0.0,1.379745602607727
439,124.81020757253633,1,2047,0.8447023630142212,0.19504782557487488,0.5445197224617004,9.505946252374997e-08,0.0,1.4910669326782227
440,124.82318977734063,1,2047,0.8447023630142212,0.19505193829536438,0.5281431078910828,6.187311640815096e-08,0.0,1.4230743646621704
441,124.87622191381821,0,2048,1.0,0.194512277841568,0.5326524376869202,8.553546315681615e-09,0.0,1.4500410556793213
442,124.87566546857256,1,2047,0.8447023630142212,0.1950543373823166,0.5091479420661926,2.772582163856896e-09,0.0,1.4186619520187378
443,124.94861458711512,1,2047,0.8447023630142212,0.19579023122787476,0.48213520646095276,6.0238622978658896e-09,0.0,1.3570786714553833
444,124.85803177207696,0,2048,1.0,0.19579683244228363,0.5474951267242432,7.731175699632331e-09,0.0,1.195739507675171
445,124.72205669350262,2,2046,0.8447023630142212,0.19454766809940338,0.5044328570365906,8.943941338657169e-07,0.0,1.2486226558685303
446,124.85316211801323,17,2031,0.8447023630142212,0.19444672763347626,0.5161030292510986,0.005270523484796286,0.0,1.2912366390228271
447,124.82536462502992,7,2041,0.8447023630142212,0.19391556084156036,0.556157648563385,0.0017686153296381235,0.0,1.3871926069259644
448,124.82790340117727,2,2046,0.8447023630142212,0.19338980317115784,0.5194347500801086,0.0013450997648760676,0.0,1.5317246913909912
449,124.76209415958584,0,2048,1.0,0.19351164996623993,0.5232577919960022,6.948568625375628e-05,0.0,1.5992587804794312
450,125.001219522629,4,2044,0.8447023630142212,0.1934182047843933,0.5596402287483215,0.0010391713585704565,0.0,1.5350736379623413
451,125.22639827633714,4,2044,0.8447023630142212,0.19260624051094055,0.5695179104804993,0.0006185031961649656,0.0,1.6802897453308105
452,126.93312053373036,2,2046,0.8447023630142212,0.19297237694263458,0.534267246723175,1.086923020920949e-05,0.0,1.6775861978530884
453,126.9538064741259,5,2043,0.8447023630142212,0.19203871488571167,0.5922278165817261,0.00107325438875705,0.0,1.7310116291046143
454,127.27617525109449,1,2047,0.8447023630142212,0.19106267392635345,0.5884998440742493,2.3164564481703565e-05,0.0,1.6239615678787231
455,127.37215532273731,2,2046,0.8447023630142212,0.190388485789299,0.5728830099105835,1.4773220300412504e-06,0.0,1.6078420877456665
456,127.16836202781687,2,2046,0.8447023630142212,0.19058464467525482,0.6092323660850525,2.885221192627796e-06,0.0,1.2550324201583862
457,127.32822787074545,10,2038,0.8447023630142212,0.1895076036453247,0.6032503843307495,0.0004924373351968825,0.0,1.3507826328277588
458,127.58198075412946,3,2045,0.8447023630142212,0.18985457718372345,0.549736738204956,4.835824256588239e-06,0.0,1.4103469848632812
459,127.50551184860322,3,2045,0.8447023630142212,0.18894711136817932,0.577823281288147,3.828319222520804e-06,0.0,1.257203459739685
460,127.63335537008719,1,2047,0.8447023630142212,0.18887950479984283,0.536873996257782,0.00021761762036476284,0.0,1.3362842798233032
461,127.77398300101399,1,2047,0.8447023630142212,0.18853986263275146,0.5838047862052917,7.378835107374471e-06,-0.04305301234126091,0.12021055817604065
462,127.97201176755833,2,2046,0.8514047265052795,0.18889835476875305,0.22212933003902435,1.292991100854124e-06,-0.458161860704422,0.2970740497112274
463,127.95971380534841,0,2048,1.0,0.18800726532936096,0.22893592715263367,7.257555125761428e-07,0.0,0.2653486728668213
464,128.09428075364235,1,2047,0.8521417379379272,0.18769796192646027,0.2172456830739975,5.253074277788983e-07,0.0,0.2881065309047699
465,128.12123543591142,1,2047,0.8521417379379272,0.18755698204040527,0.2258482724428177,1.2737747567825863e-07,0.0,0.38836559653282166
466,128.1219659464332,1,2047,0.8521417379379272,0.1873789131641388,0.2580014169216156,1.6523088675057807e-08,0.0,0.4722096621990204
467,128.34717537983082,1,2047,0.8521417379379272,0.1868569552898407,0.22751356661319733,6.602536739563902e-09,0.0,0.5203790068626404
468,128.3996073548085,1,2047,0.8521417379379272,0.186867356300354,0.22581809759140015,3.765094902519195e-09,0.0,0.42297086119651794
469,128.51201739547332,0,2048,1.0,0.18661554157733917,0.2174728512763977,2.3158788664545682e-08,0.0,0.49027347564697266
470,128.53322882588907,2,2046,0.8521417379379272,0.186861053109169,0.2471359670162201,2.6136932618214814e-08,0.0,0.5507894158363342
471,128.73398332460053,1,2047,0.8521417379379272,0.18687891960144043,0.24319660663604736,2.9514841681788084e-09,0.0,0.5658435225486755
472,128.8616669446121,1,2047,0.8521417379379272,0.18706302344799042,0.27650779485702515,3.966639461339128e-09,0.0,0.5089216232299805
473,128.84184647926097,0,2048,1.0,0.18678896129131317,0.267408549785614,7.958025776133582e-07,0.0,0.5841852426528931
474,128.89916168133507,1,2047,0.8521417379379272,0.18618161976337433,0.3139105439186096,1.7134229324256012e-07,0.0,0.5502209067344666
475,128.7955079572894,3,2045,0.8521416783332825,0.18657231330871582,0.24036331474781036,7.259819767568843e-08,0.0,0.6120073199272156
476,128.91796821329177,2,2046,0.8521417379379272,0.18603849411010742,0.2736317813396454,9.579335102927189e-10,0.0,0.6413407325744629
477,128.94076034397364,2,2046,0.8521417379379272,0.1871425360441208,0.2525196373462677,1.5445500434196902e-10,0.0,0.6138449907302856
478,128.9276093822689,2,2046,0.8521417379379272,0.18743376433849335,0.2582247257232666,3.099202283696201e-10,0.0,0.5959326028823853
479,128.9307014197667,4,2044,0.8521417379379272,0.18814687430858612,0.28693637251853943,9.400819012128636e-10,0.0,0.3840726613998413
480,126.45988663357268,3,2045,0.8521416783332825,0.18794690072536469,0.6924846172332764,4.149208507442381e-06,0.0,0.20979522168636322
481,126.4226792526888,5,2043,0.8521417379379272,0.18763549625873566,0.2893882095813751,3.536719304975122e-05,0.0,0.3973446190357208
482,124.174972080562,0,2048,1.0,0.18665745854377747,0.7338374853134155,0.0005005121347494423,0.0,0.2816557288169861
483,122.97723360460276,1,2047,0.8521417379379272,0.18586230278015137,0.4561745226383209,4.969118890585378e-05,0.0,0.45563510060310364
484,122.5116858210993,0,2048,1.0,0.1849566400051117,0.36504456400871277,7.374284905381501e-06,0.0,0.5010892152786255
485,122.4244919082717,4,2044,0.8521417379379272,0.18403106927871704,0.24044917523860931,2.2791255105403252e-07,0.0,0.5183499455451965
486,122.43562834990203,1,2047,0.8521417379379272,0.18337823450565338,0.2623292803764343,5.778897360642077e-10,0.0,0.5432317852973938
487,122.60840460384246,3,2045,0.8521416783332825,0.18305577337741852,0.2609134614467621,1.2704168828037155e-09,0.0,0.5372703075408936
488,122.66867889909413,3,2045,0.8521416783332825,0.18291565775871277,0.23540078103542328,7.226243603497551e-09,0.0,0.6778283715248108
489,122.82659700105769,1,2047,0.8521417379379272,0.18256264925003052,0.3003776967525482,3.9612541025135783e-10,0.0,0.6413397192955017
